Predictor variable,Categorical,Sample average
bio_1,false,27.123015812465123
bio_12,false,2493.095238095238
bio_14,false,77.85714285714286
bio_15,false,39.19024521963937
bio_3,false,87.72647458031064
bio_4,false,35.918883641560875
bio_7,false,11.533332915533157
