Predictor variable,Categorical,Sample average
bio_1,false,27.20257940746489
bio_12,false,2483.3333333333335
bio_14,false,74.61904761904762
bio_15,false,39.139197939918155
bio_3,false,88.03502328055245
bio_4,false,35.41624359857468
bio_7,false,11.38095201764788
