Predictor variable,Categorical,Sample average
bio_1,false,27.237301690237864
bio_12,false,2575.285714285714
bio_14,false,82.95238095238095
bio_15,false,39.956914629255024
bio_3,false,88.03264872233073
bio_4,false,35.05325735182989
bio_7,false,11.49999981834775
