Predictor variable,Categorical,Sample average
bio_1,false,27.062301726568315
bio_12,false,2401.2380952380954
bio_14,false,70.04761904761905
bio_15,false,40.59800302414667
bio_3,false,87.58904738653274
bio_4,false,36.39853441147577
bio_7,false,11.390475591023764
